movie,year,imdb_ratings,metacritic,runtime,votes,genres,us_gross
Knives Out,2019,8.0,82,131,234973,"Comedy, Crime, Drama",$165.36M
1917,2019,8.4,78,119,239674,"Drama, War",$159.18M
Parasite,2019,8.6,96,132,324509,"Comedy, Drama, Thriller",$53.37M
Uncut Gems,2019,7.6,90,135,129702,"Crime, Drama, Thriller",-
Jojo Rabbit,2019,8.0,58,108,170025,"Comedy, Drama, War",$0.35M
Once Upon a Time... in Hollywood,2019,7.7,83,161,413778,"Comedy, Drama",$142.50M
Joker,2019,8.5,59,122,722364,"Crime, Drama, Thriller",$335.45M
Ford v Ferrari,2019,8.1,81,152,175041,"Action, Biography, Drama",$117.62M
Little Women,2019,8.0,91,135,78289,"Drama, Romance",$108.05M
The Shawshank Redemption,1994,9.3,80,142,2203119,Drama,$28.34M
The Irishman,2019,7.9,94,209,261293,"Biography, Crime, Drama",-
Avengers: Endgame,2019,8.4,78,181,682099,"Action, Adventure, Drama",$858.37M
The Gentlemen,2019,8.1,51,113,52111,"Action, Comedy, Crime",-
Toy Story 4,2019,7.8,84,100,165898,"Animation, Adventure, Comedy",$434.04M
28 Days Later...,2002,7.6,73,113,358955,"Drama, Horror, Sci-Fi",$45.06M
The Godfather,1972,9.2,100,175,1517886,"Crime, Drama",$134.97M
The Lighthouse,2019,7.7,83,109,85222,"Drama, Fantasy, Horror",$0.43M
Blade Runner 2049,2017,8.0,81,164,418568,"Action, Drama, Mystery",$92.05M
The Dark Knight,2008,9.0,84,152,2184194,"Action, Crime, Drama",$534.86M
Harry Potter and the Sorcerer's Stone,2001,7.6,64,152,597811,"Adventure, Family, Fantasy",$317.58M
Inception,2010,8.8,74,148,1933102,"Action, Adventure, Sci-Fi",$292.58M
Guardians of the Galaxy,2014,8.0,76,121,1001188,"Action, Adventure, Comedy",$333.18M
Marriage Story,2019,8.0,93,137,191714,"Comedy, Drama, Romance",-
Goodfellas,1990,8.7,90,146,959280,"Biography, Crime, Drama",$46.84M
Interstellar,2014,8.6,74,169,1385992,"Adventure, Drama, Sci-Fi",$188.02M
The Shining,1980,8.4,66,146,839537,"Drama, Horror",$44.02M
12 Monkeys,1995,8.0,74,129,555470,"Mystery, Sci-Fi, Thriller",$57.14M
Fight Club,1999,8.8,66,139,1759379,Drama,$37.03M
The Lord of the Rings: The Fellowship of the Ring,2001,8.8,92,178,1577469,"Action, Adventure, Drama",$315.54M
Pulp Fiction,1994,8.9,94,154,1731138,"Crime, Drama",$107.93M
The Wolf of Wall Street,2013,8.2,75,180,1097218,"Biography, Crime, Drama",$116.90M
Thor: Ragnarok,2017,7.9,74,130,537935,"Action, Adventure, Comedy",$315.06M
Spirited Away,2001,8.6,96,125,595623,"Animation, Adventure, Family",$10.06M
Inglourious Basterds,2009,8.3,69,153,1189954,"Adventure, Drama, War",$120.54M
Green Book,2018,8.2,69,130,300406,"Biography, Comedy, Drama",$85.08M
Titanic,1997,7.8,75,194,997476,"Drama, Romance",$659.33M
Forrest Gump,1994,8.8,82,142,1700632,"Drama, Romance",$330.25M
Tangled,2010,7.7,71,100,384947,"Animation, Adventure, Comedy",$200.82M
The Matrix,1999,8.7,73,136,1586273,"Action, Sci-Fi",$171.48M
Mad Max: Fury Road,2015,8.1,90,120,825168,"Action, Adventure, Sci-Fi",$154.06M
Call Me by Your Name,2017,7.9,93,132,181383,"Drama, Romance",$18.10M
There Will Be Blood,2007,8.2,93,158,485855,Drama,$40.22M
Mission: Impossible - Fallout,2018,7.8,86,147,265385,"Action, Adventure, Thriller",$220.16M
Avengers: Infinity War,2018,8.5,68,149,754656,"Action, Adventure, Sci-Fi",$678.82M
Gone Girl,2014,8.1,79,149,803434,"Drama, Mystery, Thriller",$167.77M
Shutter Island,2010,8.1,63,138,1059253,"Mystery, Thriller",$128.01M
The Lion King,1994,8.5,88,88,891292,"Animation, Adventure, Drama",$422.78M
Prisoners,2013,8.1,74,153,558169,"Crime, Drama, Mystery",$61.00M
Gladiator,2000,8.5,67,155,1271892,"Action, Adventure, Drama",$187.71M
The Dark Knight Rises,2012,8.4,78,164,1445907,"Action, Adventure",$448.14M
Blade Runner,1982,8.1,84,117,659108,"Action, Sci-Fi, Thriller",$32.87M
Guardians of the Galaxy Vol. 2,2017,7.6,67,136,528148,"Action, Adventure, Comedy",$389.81M
Baby Driver,2017,7.6,86,113,401494,"Action, Crime, Drama",$107.83M
The Departed,2006,8.5,85,151,1126695,"Crime, Drama, Thriller",$132.38M
Zodiac,2007,7.7,78,157,421329,"Crime, Drama, Mystery",$33.08M
Watchmen,2009,7.6,56,162,480978,"Action, Drama, Mystery",$107.51M
Léon: The Professional,1994,8.5,64,110,976689,"Action, Crime, Drama",$19.50M
Spider-Man: Into the Spider-Verse,2018,8.4,87,117,302622,"Animation, Action, Adventure",$190.24M
The Princess Bride,1987,8.1,77,98,374451,"Adventure, Family, Fantasy",$30.86M
The Silence of the Lambs,1991,8.6,85,118,1195988,"Crime, Drama, Thriller",$130.74M
Se7en,1995,8.6,65,127,1357531,"Crime, Drama, Mystery",$100.13M
Shaun of the Dead,2004,7.9,76,99,490196,"Comedy, Horror",$13.54M
Get Out,2017,7.7,84,104,448799,"Horror, Mystery, Thriller",$176.04M
Saving Private Ryan,1998,8.6,91,169,1168637,"Drama, War",$216.54M
Stand by Me,1986,8.1,75,89,346608,"Adventure, Drama",$52.29M
Casino Royale,2006,8.0,80,144,558139,"Action, Adventure, Thriller",$167.45M
Pride & Prejudice,2005,7.8,82,129,239811,"Drama, Romance",$38.41M
Good Will Hunting,1997,8.3,70,126,809190,"Drama, Romance",$138.43M
The Prestige,2006,8.5,66,130,1117646,"Drama, Mystery, Sci-Fi",$53.09M
Bohemian Rhapsody,2018,8.0,49,134,413432,"Biography, Drama, Music",$216.43M
No Country for Old Men,2007,8.1,91,122,803599,"Crime, Drama, Thriller",$74.28M
Schindler's List,1993,8.9,94,195,1149558,"Biography, Drama, History",$96.90M
Dunkirk,2017,7.9,94,106,506169,"Action, Drama, History",$188.37M
The Peanut Butter Falcon,2019,7.7,70,97,36328,"Adventure, Comedy, Drama",$13.12M
Apocalypse Now,1979,8.4,94,147,574270,"Drama, Mystery, War",$83.47M
The Quiet Man,1952,7.8,-,129,32993,"Comedy, Drama, Romance",$10.55M
The Green Mile,1999,8.6,61,189,1075380,"Crime, Drama, Fantasy",$136.80M
The Lord of the Rings: The Return of the King,2003,8.9,94,201,1565522,"Adventure, Drama, Fantasy",$377.85M
Cast Away,2000,7.8,73,143,494203,"Adventure, Drama, Romance",$233.63M
Jurassic Park,1993,8.1,68,127,818626,"Action, Adventure, Sci-Fi",$402.45M
The Goonies,1985,7.8,62,114,228648,"Adventure, Comedy, Family",$61.50M
Harry Potter and the Goblet of Fire,2005,7.7,81,157,513032,"Adventure, Family, Fantasy",$290.01M
Star Wars: Episode IV - A New Hope,1977,8.6,90,121,1177165,"Action, Adventure, Fantasy",$322.74M
The Invisible Guest,2016,8.1,-,106,105121,"Crime, Mystery, Thriller",-
Django Unchained,2012,8.4,81,165,1276403,"Drama, Western",$162.81M
Ocean's Eleven,2001,7.8,74,116,490963,"Crime, Thriller",$183.42M
The Big Short,2015,7.8,81,130,332634,"Biography, Comedy, Drama",$70.26M
American Beauty,1999,8.3,84,122,1025964,Drama,$130.10M
Snatch,2000,8.3,55,102,747814,"Comedy, Crime",$30.33M
Ferris Bueller's Day Off,1986,7.8,61,103,302347,Comedy,$70.14M
The Two Popes,2019,7.6,75,125,81435,"Comedy, Drama",-
Batman Begins,2005,8.2,70,140,1246921,"Action, Adventure",$206.85M
Avatar,2009,7.8,83,162,1081855,"Action, Adventure, Fantasy",$760.51M
Back to the Future,1985,8.5,87,116,986488,"Adventure, Comedy, Sci-Fi",$210.61M
Logan,2017,8.1,77,137,604310,"Action, Drama, Sci-Fi",$226.28M
Her,2013,8.0,90,126,502958,"Drama, Romance, Sci-Fi",$25.57M
Deadpool 2,2018,7.7,66,119,440369,"Action, Adventure, Comedy",$324.59M
Ex Machina,2014,7.7,78,108,446667,"Drama, Mystery, Sci-Fi",$25.44M
Jaws,1975,8.0,87,124,524494,"Adventure, Drama, Thriller",$260.00M
Star Wars: Episode VII - The Force Awakens,2015,7.9,81,138,829341,"Action, Adventure, Sci-Fi",$936.66M
Zombieland,2009,7.6,73,88,497729,"Adventure, Comedy, Horror",$75.59M
Eternal Sunshine of the Spotless Mind,2004,8.3,89,108,862081,"Drama, Romance, Sci-Fi",$34.40M
Black Swan,2010,8.0,79,108,672017,"Drama, Thriller",$106.95M
Pirates of the Caribbean: The Curse of the Black Pearl,2003,8.0,63,143,986626,"Action, Adventure, Fantasy",$305.41M
The Revenant,2015,8.0,76,156,662113,"Action, Adventure, Biography",$183.64M
Taxi Driver,1976,8.3,94,114,678943,"Crime, Drama",$28.26M
The Favourite,2018,7.6,90,119,151105,"Biography, Comedy, Drama",$34.37M
Deadpool,2016,8.0,65,108,862141,"Action, Adventure, Comedy",$363.07M
American History X,1998,8.5,62,119,990590,Drama,$6.72M
Rogue One: A Star Wars Story,2016,7.8,65,133,522026,"Action, Adventure, Sci-Fi",$532.18M
The Usual Suspects,1995,8.5,77,106,943970,"Crime, Mystery, Thriller",$23.34M
"Three Billboards Outside Ebbing, Missouri",2017,8.2,88,115,387415,"Comedy, Crime, Drama",$54.51M
Room,2015,8.1,86,118,340294,"Drama, Thriller",$14.68M
Whiplash,2014,8.5,88,106,662188,"Drama, Music",$13.09M
Memento,2000,8.4,80,113,1070227,"Mystery, Thriller",$25.54M
The Farewell,2019,7.6,89,100,33792,"Comedy, Drama",$16.88M
Requiem for a Dream,2000,8.3,68,102,729446,Drama,$3.64M
Harry Potter and the Deathly Hallows: Part 2,2011,8.1,87,130,722173,"Adventure, Drama, Fantasy",$381.01M
Alien,1979,8.4,89,117,747669,"Horror, Sci-Fi",$78.90M
Young Frankenstein,1974,8.0,80,106,137445,Comedy,$86.30M
Captain Fantastic,2016,7.9,72,118,172374,"Comedy, Drama",$5.88M
Dazed and Confused,1993,7.6,78,102,154999,Comedy,$7.99M
12 Angry Men,1957,8.9,96,96,643410,Drama,$4.36M
The Godfather: Part II,1974,9.0,90,202,1063377,"Crime, Drama",$57.30M
Princess Mononoke,1997,8.4,76,134,313918,"Animation, Adventure, Fantasy",$2.38M
The Pianist,2002,8.5,85,150,682111,"Biography, Drama, Music",$32.57M
The Lord of the Rings: The Two Towers,2002,8.7,87,179,1413521,"Adventure, Drama, Fantasy",$342.55M
The Grand Budapest Hotel,2014,8.1,88,99,665647,"Adventure, Comedy, Crime",$59.10M
Skyfall,2012,7.7,81,143,609968,"Action, Adventure, Thriller",$304.36M
Zootopia,2016,8.0,78,108,406972,"Animation, Adventure, Comedy",$341.27M
Iron Man,2008,7.9,79,126,901300,"Action, Adventure, Sci-Fi",$318.41M
The Hateful Eight,2015,7.8,68,168,479670,"Crime, Drama, Mystery",$54.12M
The Big Lebowski,1998,8.1,71,117,692146,"Comedy, Crime, Sport",$17.50M
Goldfinger,1964,7.7,87,110,164442,"Action, Adventure, Thriller",$51.08M
Moana,2016,7.6,81,107,245704,"Animation, Adventure, Comedy",$248.76M
Hacksaw Ridge,2016,8.1,71,139,398121,"Biography, Drama, History",$67.21M
Catch Me If You Can,2002,8.1,75,141,767497,"Biography, Crime, Drama",$164.62M
Harry Potter and the Prisoner of Azkaban,2004,7.9,82,142,514840,"Adventure, Family, Fantasy",$249.36M
One Flew Over the Cuckoo's Nest,1975,8.7,83,133,868402,Drama,$112.00M
All the President's Men,1976,8.0,80,138,96860,"Biography, Drama, History",$70.60M
The Social Network,2010,7.7,95,120,590523,"Biography, Drama",$96.96M
Mulan,1998,7.6,71,88,236302,"Animation, Adventure, Family",$120.62M
Scarface,1983,8.3,65,170,698190,"Crime, Drama",$45.60M
Wonder,2017,8.0,66,113,125317,"Drama, Family",$132.42M
Star Trek,2009,7.9,82,127,566013,"Action, Adventure, Sci-Fi",$257.73M
Braveheart,1995,8.3,68,178,922606,"Biography, Drama, History",$75.60M
Oldboy,2003,8.4,77,120,483908,"Action, Drama, Mystery",$0.71M
American Psycho,2000,7.6,64,101,456460,"Comedy, Crime, Drama",$15.07M
Lion,2016,8.0,69,118,195322,"Biography, Drama",$51.74M
Life Is Beautiful,1997,8.6,59,116,584735,"Comedy, Drama, Romance",$57.60M
Mystic River,2003,7.9,84,138,401567,"Crime, Drama, Mystery",$90.14M
The Hobbit: An Unexpected Journey,2012,7.8,58,169,735919,"Adventure, Family, Fantasy",$303.00M
Arrival,2016,7.9,81,116,553195,"Drama, Mystery, Sci-Fi",$100.55M
A Star Is Born,2018,7.7,88,136,300500,"Drama, Music, Romance",$215.29M
Kingsman: The Secret Service,2014,7.7,60,129,566692,"Action, Adventure, Comedy",$128.26M
Ratatouille,2007,8.0,96,111,607962,"Animation, Adventure, Comedy",$206.45M
The Avengers,2012,8.0,69,143,1221517,"Action, Adventure, Sci-Fi",$623.28M
Children of Men,2006,7.9,84,109,443417,"Drama, Thriller",$35.55M
Drive,2011,7.8,78,100,544231,"Crime, Drama",$35.06M
Raiders of the Lost Ark,1981,8.4,85,115,844491,"Action, Adventure",$248.16M
The Seventh Seal,1957,8.2,-,96,151943,"Drama, Fantasy",-
Superbad,2007,7.6,76,113,500865,Comedy,$121.46M
Sicario,2015,7.6,82,121,347789,"Action, Crime, Drama",$46.89M
The Breakfast Club,1985,7.9,62,97,331438,"Comedy, Drama",$45.88M
Heat,1995,8.2,76,170,546281,"Crime, Drama, Thriller",$67.44M
Kill Bill: Vol. 1,2003,8.1,69,111,951168,"Action, Crime, Thriller",$70.10M
Birdman or (The Unexpected Virtue of Ignorance),2014,7.7,87,119,548727,"Comedy, Drama",$42.34M
The Terminator,1984,8.0,84,107,765953,"Action, Sci-Fi",$38.40M
300,2006,7.6,52,117,711036,"Action, Drama",$210.61M
The Hangover,2009,7.7,73,100,691450,Comedy,$277.32M
What We Do in the Shadows,2014,7.7,76,86,140392,"Comedy, Horror",$3.33M
A Clockwork Orange,1971,8.3,80,136,720894,"Crime, Drama, Sci-Fi",-
Terminator 2: Judgment Day,1991,8.5,75,137,952513,"Action, Sci-Fi",$204.84M
Warrior,2011,8.2,71,140,417382,"Drama, Sport",$13.66M
La La Land,2016,8.0,93,128,468313,"Comedy, Drama, Music",$151.10M
Butch Cassidy and the Sundance Kid,1969,8.0,66,110,194730,"Biography, Crime, Drama",$102.31M
Reservoir Dogs,1992,8.3,79,99,871914,"Crime, Drama, Thriller",$2.83M
Inside Out,2015,8.2,94,95,571212,"Animation, Adventure, Comedy",$356.46M
Sin City,2005,8.0,74,124,726740,"Crime, Thriller",$74.10M
The Girl with the Dragon Tattoo,2011,7.8,71,158,401973,"Crime, Drama, Mystery",$102.52M
Coco,2017,8.4,81,105,325437,"Animation, Adventure, Family",$209.73M
"The Good, the Bad and the Ugly",1966,8.8,90,178,653101,Western,$6.10M
The Last Samurai,2003,7.7,55,154,382559,"Action, Drama, War",$111.11M
Once Upon a Time in America,1984,8.4,-,229,292493,"Crime, Drama",$5.32M
The Incredibles,2004,8.0,90,115,629019,"Animation, Action, Adventure",$261.44M
Up,2009,8.2,88,96,887163,"Animation, Adventure, Comedy",$293.00M
Edge of Tomorrow,2014,7.9,71,113,571096,"Action, Sci-Fi",$100.21M
Psycho,1960,8.5,97,109,566859,"Horror, Mystery, Thriller",$32.00M
Hot Fuzz,2007,7.8,81,121,442716,"Action, Comedy, Mystery",$23.64M
Silver Linings Playbook,2012,7.7,81,122,638666,"Comedy, Drama, Romance",$132.09M
Love Actually,2003,7.6,55,135,408872,"Comedy, Drama, Romance",$59.70M
The Notebook,2004,7.8,53,123,494237,"Drama, Romance",$81.00M
True Romance,1993,7.9,59,119,196791,"Crime, Drama, Romance",$12.28M
City of God,2002,8.6,79,130,669857,"Crime, Drama",$7.56M
Seven Samurai,1954,8.6,98,207,298329,"Action, Adventure, Drama",$0.27M
About Time,2013,7.8,55,123,280477,"Comedy, Drama, Fantasy",$15.32M
Donnie Darko,2001,8.0,88,113,716320,"Drama, Mystery, Sci-Fi",$1.48M
The Sound of Music,1965,8.0,63,172,193370,"Biography, Drama, Family",$163.21M
Moneyball,2011,7.6,87,133,342210,"Biography, Drama, Sport",$75.61M
Toy Story,1995,8.3,95,81,840864,"Animation, Adventure, Comedy",$191.80M
Indiana Jones and the Last Crusade,1989,8.2,65,127,660300,"Action, Adventure",$197.17M
The Handmaiden,2016,8.1,84,145,94052,"Drama, Romance, Thriller",$2.01M
Boogie Nights,1997,7.9,85,155,227857,Drama,$26.40M
The Town,2010,7.5,74,125,334506,"Crime, Drama, Thriller",$92.19M
The Intouchables,2011,8.5,57,112,714105,"Biography, Comedy, Drama",$13.18M
The Fifth Element,1997,7.7,52,126,416875,"Action, Adventure, Sci-Fi",$63.54M
Aliens,1986,8.3,84,137,624535,"Action, Adventure, Sci-Fi",$85.16M
Full Metal Jacket,1987,8.3,76,116,639696,"Drama, War",$46.36M
Blue Is the Warmest Colour,2013,7.7,88,180,130692,"Drama, Romance",$2.20M
American Gangster,2007,7.8,76,157,377379,"Biography, Crime, Drama",$130.16M
Your Name.,2016,8.4,79,106,160866,"Animation, Drama, Fantasy",$5.02M
Pan's Labyrinth,2006,8.2,98,118,593023,"Drama, Fantasy, War",$37.63M
Die Hard,1988,8.2,72,132,751606,"Action, Thriller",$83.01M
Into the Wild,2007,8.1,73,148,544125,"Adventure, Biography, Drama",$18.35M
Fargo,1996,8.1,85,98,585194,"Crime, Drama, Thriller",$24.61M
The Godfather: Part III,1990,7.6,60,162,339079,"Crime, Drama",$66.67M
The Martian,2015,8.0,80,144,718507,"Adventure, Drama, Sci-Fi",$228.43M
Spotlight,2015,8.1,93,129,390035,"Biography, Crime, Drama",$45.06M
The Thing,1982,8.1,57,109,349274,"Horror, Mystery, Sci-Fi",$13.78M
The Truman Show,1998,8.1,90,103,879387,"Comedy, Drama, Sci-Fi",$125.62M
The Hunt,2012,8.3,77,115,258239,Drama,$0.69M
The Blind Side,2009,7.6,53,129,278021,"Biography, Drama, Sport",$255.96M
"Lock, Stock and Two Smoking Barrels",1998,8.2,66,107,511401,"Comedy, Crime",$3.90M
V for Vendetta,2005,8.2,62,132,985417,"Action, Drama, Sci-Fi",$70.51M
The Exorcist,1973,8.0,81,122,347139,Horror,$232.91M
Big Fish,2003,8.0,58,125,400393,"Adventure, Drama, Fantasy",$66.26M
Capernaum,2018,8.4,75,126,40485,Drama,$1.66M
Star Wars: Episode VI - Return of the Jedi,1983,8.3,58,131,906237,"Action, Adventure, Fantasy",$309.13M
2001: A Space Odyssey,1968,8.3,84,149,570057,"Adventure, Sci-Fi",$56.95M
The Sandlot,1993,7.8,55,101,74718,"Comedy, Drama, Family",$32.42M
Gangs of New York,2002,7.5,72,167,387128,"Crime, Drama",$77.81M
Incredibles 2,2018,7.6,80,118,227724,"Animation, Action, Adventure",$608.58M
Memories of Murder,2003,8.1,82,132,116965,"Action, Crime, Drama",$0.01M
Ghostbusters,1984,7.8,71,105,339208,"Action, Comedy, Fantasy",$238.63M
Groundhog Day,1993,8.0,72,101,558502,"Comedy, Fantasy, Romance",$70.91M
Nightcrawler,2014,7.9,76,117,431277,"Crime, Drama, Thriller",$32.38M
The Impossible,2012,7.6,73,114,186980,"Drama, History, Thriller",$19.02M
Harry Potter and the Half-Blood Prince,2009,7.6,78,153,441667,"Action, Adventure, Family",$301.96M
Captain America: Civil War,2016,7.8,75,147,624214,"Action, Adventure, Sci-Fi",$408.08M
Escape from Alcatraz,1979,7.6,76,112,110218,"Biography, Crime, Drama",$43.00M
Unforgiven,1992,8.2,85,130,356410,"Drama, Western",$101.16M
Star Wars: Episode V - The Empire Strikes Back,1980,8.7,82,124,1105228,"Action, Adventure, Fantasy",$290.48M
Minority Report,2002,7.6,80,145,485963,"Action, Crime, Mystery",$132.07M
A Beautiful Mind,2001,8.2,72,135,805244,"Biography, Drama",$170.74M
Inside Man,2006,7.6,76,129,323268,"Crime, Drama, Mystery",$88.51M
Once Upon a Time in the West,1968,8.5,80,165,285531,Western,$5.32M
12 Years a Slave,2013,8.1,96,134,605372,"Biography, Drama, History",$56.67M
Rush,2013,8.1,74,123,410846,"Biography, Drama, Sport",$26.95M
"Monsters, Inc.",2001,8.0,79,92,775377,"Animation, Adventure, Comedy",$289.92M
The Perks of Being a Wallflower,2012,8.0,67,103,436847,"Drama, Romance",$17.74M
Mulholland Drive,2001,8.0,83,147,302478,"Drama, Mystery, Thriller",$7.22M
Lost in Translation,2003,7.7,89,102,390783,"Drama, Romance",$44.59M
The Sixth Sense,1999,8.1,64,107,874700,"Drama, Mystery, Thriller",$293.51M
The Imitation Game,2014,8.0,73,114,647717,"Biography, Drama, Thriller",$91.13M
Mary Poppins,1964,7.8,88,139,150317,"Comedy, Family, Fantasy",$102.27M
My Neighbor Totoro,1988,8.2,86,86,260586,"Animation, Family, Fantasy",$1.11M
Mad Max 2: The Road Warrior,1981,7.6,77,96,159775,"Action, Adventure, Sci-Fi",$12.47M
Apocalypto,2006,7.8,68,139,278424,"Action, Adventure, Drama",$50.87M
Airplane!,1980,7.7,78,88,199227,Comedy,$83.40M
Atonement,2007,7.8,85,123,236977,"Drama, Mystery, Romance",$50.93M
Straight Outta Compton,2015,7.9,72,147,171717,"Biography, Drama, History",$161.20M
Blow,2001,7.6,52,124,231402,"Biography, Crime, Drama",$52.99M
Harry Potter and the Deathly Hallows: Part 1,2010,7.7,65,146,447519,"Adventure, Family, Fantasy",$295.98M
X-Men: First Class,2011,7.7,65,131,627520,"Action, Adventure, Sci-Fi",$146.41M
Come and See,1985,8.3,-,142,48599,"Drama, War",-
A Few Good Men,1992,7.7,62,138,222981,"Drama, Thriller",$141.34M
Serpico,1973,7.7,87,130,102192,"Biography, Crime, Drama",$29.80M
The Lives of Others,2006,8.4,89,137,338968,"Drama, Mystery, Thriller",$11.29M
Magnolia,1999,8.0,77,188,278601,Drama,$22.46M
Argo,2012,7.7,86,120,552449,"Biography, Drama, Thriller",$136.03M
Close Encounters of the Third Kind,1977,7.6,90,138,174723,"Drama, Sci-Fi",$132.09M
Aladdin,1992,8.0,86,90,349585,"Animation, Adventure, Comedy",$217.35M
Captain America: The Winter Soldier,2014,7.7,70,136,701249,"Action, Adventure, Sci-Fi",$259.77M
Howl's Moving Castle,2004,8.2,80,119,298960,"Animation, Adventure, Family",$4.71M
Casablanca,1942,8.5,100,102,496309,"Drama, Romance, War",$1.02M
Brokeback Mountain,2005,7.7,87,134,310163,"Drama, Romance",$83.04M
Amélie,2001,8.3,69,122,675519,"Comedy, Romance",$33.23M
Shrek,2001,7.8,84,90,586934,"Animation, Adventure, Comedy",$267.67M
The Help,2011,8.1,62,146,406953,Drama,$169.71M
Platoon,1986,8.1,92,120,364920,"Drama, War",$138.53M
The Wizard of Oz,1939,8.0,100,102,361289,"Adventure, Family, Fantasy",$2.08M
Manchester by the Sea,2016,7.8,96,137,229199,Drama,$47.70M
Predator,1987,7.8,45,107,357176,"Action, Adventure, Sci-Fi",$59.74M
Finding Nemo,2003,8.1,90,100,906144,"Animation, Adventure, Comedy",$380.84M
E.T. the Extra-Terrestrial,1982,7.8,91,115,352767,"Family, Sci-Fi",$435.11M
WALL·E,2008,8.4,95,98,949631,"Animation, Adventure, Family",$223.81M
Trainspotting,1996,8.1,83,93,610573,Drama,$16.50M
The Curious Case of Benjamin Button,2008,7.8,70,166,560128,"Drama, Fantasy, Romance",$127.51M
Dead Poets Society,1989,8.1,79,128,394407,"Comedy, Drama",$95.86M
Rear Window,1954,8.4,100,112,418796,"Mystery, Thriller",$36.76M
L.A. Confidential,1997,8.2,90,138,510192,"Crime, Drama, Mystery",$64.62M
Hell or High Water,2016,7.6,88,102,189596,"Action, Crime, Drama",$26.86M
The Fighter,2010,7.8,79,116,326838,"Biography, Drama, Sport",$93.62M
The Crow,1994,7.6,71,102,160359,"Action, Drama, Fantasy",$50.69M
Gone with the Wind,1939,8.1,97,238,274758,"Drama, History, Romance",$198.68M
Home Alone,1990,7.6,63,103,441808,"Comedy, Family",$285.76M
The Boondock Saints,1999,7.8,44,108,221704,"Action, Crime, Thriller",$0.03M
Stardust,2007,7.6,66,127,245316,"Adventure, Family, Fantasy",$38.63M
The Hobbit: The Desolation of Smaug,2013,7.8,66,161,581479,"Adventure, Fantasy",$258.37M
The Deer Hunter,1978,8.1,86,183,296105,"Drama, War",$48.98M
District 9,2009,7.9,81,112,620539,"Action, Sci-Fi, Thriller",$115.65M
Edward Scissorhands,1990,7.9,74,105,428702,"Drama, Fantasy, Romance",$56.36M
Wind River,2017,7.7,73,107,185809,"Crime, Drama, Mystery",$33.80M
Casino,1995,8.2,73,178,437087,"Crime, Drama",$42.44M
Dallas Buyers Club,2013,8.0,84,117,418781,"Biography, Drama",$27.30M
Walk the Line,2005,7.8,72,136,224468,"Biography, Drama, Music",$119.52M
The King's Speech,2010,8.0,88,118,614976,"Biography, Drama, History",$138.80M
Klaus,2019,8.2,65,96,61569,"Animation, Adventure, Comedy",-
Crash,2004,7.8,69,112,409134,"Crime, Drama, Thriller",$54.58M
Toy Story 3,2010,8.3,92,103,721615,"Animation, Adventure, Comedy",$415.00M
Indiana Jones and the Temple of Doom,1984,7.6,57,118,425099,"Action, Adventure",$179.87M
Chinatown,1974,8.2,92,130,277869,"Drama, Mystery, Thriller",$29.20M
Saw,2004,7.6,46,103,364490,"Horror, Mystery, Thriller",$56.00M
Big Hero 6,2014,7.8,74,102,390446,"Animation, Action, Adventure",$222.53M
Tombstone,1993,7.8,50,130,119612,"Action, Biography, Drama",$56.51M
True Grit,2010,7.6,80,110,295641,"Drama, Western",$171.24M
Roma,2018,7.7,96,135,125597,Drama,-
Hidden Figures,2016,7.8,74,127,184455,"Biography, Drama, History",$169.61M
As Good as It Gets,1997,7.7,67,139,263411,"Comedy, Drama, Romance",$148.48M
Amadeus,1984,8.3,88,160,351753,"Biography, Drama, History",$51.97M
The Machinist,2004,7.7,61,101,342058,"Drama, Thriller",$1.08M
Isle of Dogs,2018,7.9,82,101,124523,"Animation, Adventure, Comedy",$32.02M
Remember the Titans,2000,7.8,48,113,189853,"Biography, Drama, Sport",$115.65M
Slumdog Millionaire,2008,8.0,86,120,770192,"Drama, Romance",$141.32M
Moonrise Kingdom,2012,7.8,84,94,303323,"Comedy, Drama, Romance",$45.51M
The Bourne Identity,2002,7.9,68,119,489002,"Action, Mystery, Thriller",$121.66M
Almost Famous,2000,7.9,90,122,241967,"Adventure, Comedy, Drama",$32.53M
Sherlock Holmes,2009,7.6,57,128,563879,"Action, Adventure, Crime",$209.03M
The Pursuit of Happyness,2006,8.0,64,117,423132,"Biography, Drama",$163.57M
What's Eating Gilbert Grape,1993,7.8,73,118,204728,Drama,$9.17M
The Conversation,1974,7.8,85,113,91282,"Drama, Mystery, Thriller",$4.42M
Kill Bill: Vol. 2,2004,8.0,83,137,650020,"Action, Crime, Thriller",$66.21M
The Fault in Our Stars,2014,7.7,69,126,328018,"Drama, Romance",$124.87M
Taken,2008,7.8,51,90,550220,"Action, Thriller",$145.00M
Monty Python and the Holy Grail,1975,8.2,93,91,480322,"Adventure, Comedy, Fantasy",$1.23M
Wild Tales,2014,8.1,77,122,161735,"Comedy, Drama, Thriller",$3.11M
Rocky,1976,8.1,70,120,493325,"Drama, Sport",$117.24M
The Butterfly Effect,2004,7.6,30,113,435204,"Drama, Sci-Fi, Thriller",$57.94M
Incendies,2010,8.3,80,131,133804,"Drama, Mystery, War",$6.86M
Nausicaä of the Valley of the Wind,1984,8.1,86,117,136495,"Animation, Adventure, Fantasy",$0.50M
Little Miss Sunshine,2006,7.8,80,101,422636,"Comedy, Drama",$59.89M
Sense and Sensibility,1995,7.6,84,136,96604,"Drama, Romance",$43.18M
3 Idiots,2009,8.4,67,170,318335,"Comedy, Drama",$6.53M
Dr. Strangelove or: How I Learned to Stop Worrying and Love the Bomb,1964,8.4,97,95,430487,Comedy,$0.28M
Black Hawk Down,2001,7.7,74,144,351046,"Drama, History, War",$108.64M
The Theory of Everything,2014,7.7,72,123,378658,"Biography, Drama, Romance",$35.89M
Blazing Saddles,1974,7.7,73,93,120133,"Comedy, Western",$119.50M
500 Days of Summer,2009,7.7,76,95,454932,"Comedy, Drama, Romance",$32.39M
Donnie Brasco,1997,7.7,76,127,263758,"Biography, Crime, Drama",$41.91M
Midnight in Paris,2011,7.7,81,94,369061,"Comedy, Fantasy, Romance",$56.82M
X-Men: Days of Future Past,2014,8.0,75,132,640289,"Action, Adventure, Sci-Fi",$233.92M
Wreck-It Ralph,2012,7.7,72,101,362481,"Animation, Adventure, Comedy",$189.42M
Blue Velvet,1986,7.8,76,120,170357,"Drama, Mystery, Thriller",$8.55M
Y Tu Mamá También,2001,7.6,88,106,110651,Drama,$13.62M
Apollo 13,1995,7.6,77,140,255377,"Adventure, Drama, History",$173.84M
Match Point,2005,7.6,72,124,198035,"Drama, Romance, Thriller",$23.09M
The Secret in Their Eyes,2009,8.2,80,129,181007,"Drama, Mystery, Romance",$6.39M
The Little Mermaid,1989,7.6,88,83,225137,"Animation, Family, Fantasy",$111.54M
Downfall,2004,8.2,82,156,316881,"Biography, Drama, History",$5.51M
Breakfast at Tiffany's,1961,7.7,76,115,157601,"Comedy, Drama, Romance",-
Office Space,1999,7.7,68,89,233564,Comedy,$10.82M
Moon,2009,7.9,67,97,322373,"Drama, Mystery, Sci-Fi",$5.01M
Training Day,2001,7.7,69,122,370151,"Crime, Drama, Thriller",$76.63M
The Skin I Live In,2011,7.6,70,120,130136,"Drama, Horror, Thriller",$3.19M
The Hunt for Red October,1990,7.6,58,135,170410,"Action, Adventure, Thriller",$122.01M
Blood Diamond,2006,8.0,64,143,478272,"Adventure, Drama, Thriller",$57.37M
Boyz n the Hood,1991,7.7,76,112,117589,"Crime, Drama",$57.50M
Million Dollar Baby,2004,8.1,86,132,607775,"Drama, Sport",$100.49M
Before Sunrise,1995,8.1,77,101,251256,"Drama, Romance",$5.54M
Gone Baby Gone,2007,7.6,72,114,240931,"Crime, Drama, Mystery",$20.30M
Serenity,2005,7.8,74,119,276307,"Action, Adventure, Sci-Fi",$25.51M
Raging Bull,1980,8.2,89,129,304247,"Biography, Drama, Sport",$23.38M
The Last of the Mohicans,1992,7.7,76,112,141646,"Action, Adventure, Drama",$75.51M
Stalker,1979,8.2,-,162,105588,"Drama, Sci-Fi",$0.23M
Grave of the Fireflies,1988,8.5,-,89,213434,"Animation, Drama, War",-
Kick-Ass,2010,7.6,66,117,510903,"Action, Adventure, Comedy",$48.07M
The Warriors,1979,7.6,65,92,89072,"Action, Crime, Thriller",$22.49M
Billy Elliot,2000,7.7,74,110,120647,"Drama, Music",$22.00M
Rosemary's Baby,1968,8.0,96,137,180794,"Drama, Horror",-
Dances with Wolves,1990,8.0,72,181,229442,"Adventure, Drama, Western",$184.21M
Scent of a Woman,1992,8.0,59,156,243957,Drama,$63.90M
Hunt for the Wilderpeople,2016,7.9,81,101,97252,"Adventure, Comedy, Drama",$5.20M
Gravity,2013,7.7,96,91,738819,"Drama, Sci-Fi, Thriller",$274.09M
Primal Fear,1996,7.7,47,129,173041,"Crime, Drama, Mystery",$56.12M
Willy Wonka & the Chocolate Factory,1971,7.8,67,100,168844,"Family, Fantasy, Musical",$4.53M
The Boy in the Striped Pajamas,2008,7.8,55,94,179909,"Drama, War",$9.03M
Vertigo,1958,8.3,100,128,338716,"Mystery, Romance, Thriller",$3.20M
The Game,1997,7.8,61,129,327530,"Action, Drama, Mystery",$48.32M
First Blood,1982,7.7,61,93,215604,"Action, Adventure",$47.21M
Badlands,1973,7.8,93,94,61562,"Crime, Drama",-
Toy Story 2,1999,7.9,88,92,501476,"Animation, Adventure, Comedy",$245.85M
Lolita,1962,7.6,79,153,87487,"Crime, Drama, Romance",$9.25M
Road to Perdition,2002,7.7,72,117,235478,"Crime, Drama, Thriller",$104.45M
Empire of the Sun,1987,7.8,62,153,109846,"Action, Drama, History",$22.24M
Akira,1988,8.0,-,124,152386,"Animation, Drama, Sci-Fi",$0.55M
The Untouchables,1987,7.9,79,119,265775,"Crime, Drama, Thriller",$76.27M
Captain Phillips,2013,7.8,83,134,402009,"Biography, Crime, Drama",$107.10M
Philadelphia,1993,7.7,66,125,213933,Drama,$77.32M
Interview with the Vampire: The Vampire Chronicles,1994,7.6,59,123,283594,"Drama, Horror",$105.26M
End of Watch,2012,7.6,68,109,219405,"Action, Crime, Drama",$41.00M
Beauty and the Beast,1991,8.0,95,84,403490,"Animation, Family, Fantasy",$218.97M
Star Trek Into Darkness,2013,7.7,72,132,453710,"Action, Adventure, Sci-Fi",$228.78M
Man on Fire,2004,7.7,47,146,317347,"Action, Crime, Drama",$77.91M
Back to the Future Part II,1989,7.8,57,108,450251,"Adventure, Comedy, Sci-Fi",$118.50M
Misery,1990,7.8,75,107,173167,"Drama, Thriller",$61.28M
The Blues Brothers,1980,7.9,60,133,173694,"Adventure, Comedy, Crime",$57.23M
Lawrence of Arabia,1962,8.3,100,228,253727,"Adventure, Biography, Drama",$44.82M
The Graduate,1967,8.0,83,106,245045,"Comedy, Drama, Romance",$104.95M
Dangal,2016,8.4,-,161,137210,"Action, Biography, Drama",$12.39M
Who Framed Roger Rabbit,1988,7.7,83,104,174438,"Animation, Adventure, Comedy",$156.45M
The Hurt Locker,2008,7.6,95,131,405747,"Drama, Thriller, War",$17.02M
It's a Wonderful Life,1946,8.6,89,130,377961,"Drama, Family, Fantasy",-
Spartacus,1960,7.9,87,197,118442,"Adventure, Biography, Drama",$30.00M
In Bruges,2008,7.9,67,107,375666,"Comedy, Crime, Drama",$7.76M
Traffic,2000,7.6,86,147,190127,"Crime, Drama, Thriller",$124.12M
Citizen Kane,1941,8.3,100,119,378504,"Drama, Mystery",$1.59M
The Royal Tenenbaums,2001,7.6,76,110,254681,"Comedy, Drama",$52.36M
The Count of Monte Cristo,2002,7.8,61,131,124123,"Action, Adventure, Drama",$54.23M
The Others,2001,7.6,74,104,323697,"Horror, Mystery, Thriller",$96.52M
Searching,2018,7.6,71,102,120622,"Drama, Mystery, Thriller",$26.02M
Rain Man,1988,8.0,65,133,455507,Drama,$178.80M
The Great Escape,1963,8.2,87,172,213405,"Adventure, Drama, History",$12.10M
The Fly,1986,7.5,79,96,151353,"Drama, Horror, Sci-Fi",$40.46M
The Fugitive,1993,7.8,87,130,254797,"Action, Crime, Drama",$183.88M
Das Boot,1981,8.3,86,149,219991,"Adventure, Drama, Thriller",$11.49M
Sleepers,1996,7.6,49,147,180368,"Crime, Drama, Thriller",$49.10M
Some Like It Hot,1959,8.2,98,121,231054,"Comedy, Music, Romance",$25.00M
Brazil,1985,7.9,88,132,180539,"Drama, Sci-Fi",$9.93M
Life of Pi,2012,7.9,79,127,556489,"Adventure, Drama, Fantasy",$124.99M
When Harry Met Sally...,1989,7.6,76,95,185096,"Comedy, Drama, Romance",$92.82M
"O Brother, Where Art Thou?",2000,7.7,69,107,273080,"Adventure, Comedy, Crime",$45.51M
To Kill a Mockingbird,1962,8.2,88,129,282495,"Crime, Drama",-
Bridge of Spies,2015,7.6,81,142,273851,"Drama, History, Thriller",$72.31M
King Kong,1933,7.9,90,100,76006,"Adventure, Horror, Sci-Fi",$10.00M
The Naked Gun: From the Files of Police Squad!,1988,7.6,76,85,142803,"Comedy, Crime",$78.76M
The Florida Project,2017,7.6,92,111,81619,Drama,$5.90M
Gifted,2017,7.6,60,101,90113,Drama,$24.80M
Mr. Nobody,2009,7.8,63,141,205702,"Drama, Fantasy, Romance",$0.00M
Castle in the Sky,1986,8.0,78,125,138124,"Animation, Adventure, Drama",-
Seven Pounds,2008,7.6,36,123,276966,Drama,$69.95M
Gattaca,1997,7.8,64,106,269798,"Drama, Sci-Fi, Thriller",$12.34M
Gran Torino,2008,8.1,72,116,692493,Drama,$148.10M
Mother,2009,7.8,79,129,43761,"Crime, Drama, Thriller",$0.55M
Battle Royale,2000,7.6,81,114,163321,"Adventure, Drama, Sci-Fi",-
The Reader,2008,7.6,58,124,223478,"Drama, Romance",$34.19M
Dog Day Afternoon,1975,8.0,86,125,225432,"Biography, Crime, Drama",$50.00M
My Cousin Vinny,1992,7.6,68,120,100785,"Comedy, Crime",$52.93M
I Saw the Devil,2010,7.8,67,144,100750,"Action, Crime, Drama",$0.13M
Singin' in the Rain,1952,8.3,99,103,206677,"Comedy, Musical, Romance",$8.82M
Dirty Harry,1971,7.7,90,102,136949,"Action, Crime, Thriller",$35.90M
Shoplifters,2018,8.0,93,121,48191,"Crime, Drama",$3.31M
Deliverance,1972,7.7,82,109,94363,"Adventure, Drama, Thriller",-
The Body,2012,7.6,-,108,49797,"Mystery, Thriller",-
Giant,1956,7.6,84,201,32378,"Drama, Western",$35.00M
Fantastic Mr. Fox,2009,7.8,83,87,185818,"Animation, Adventure, Comedy",$21.00M
Monty Python's Life of Brian,1979,8.1,77,94,349684,Comedy,$20.05M
Creed,2015,7.6,82,133,235996,"Drama, Sport",$109.77M
Halloween,1978,7.8,81,91,217129,"Horror, Thriller",$47.00M
Rebel Without a Cause,1955,7.7,87,111,79370,Drama,-
Barry Lyndon,1975,8.1,89,185,139679,"Adventure, Drama, History",-
Cinema Paradiso,1988,8.5,80,155,213602,Drama,$11.99M
Boyhood,2014,7.9,100,165,324755,Drama,$25.38M
A Separation,2011,8.3,95,123,207452,Drama,$7.10M
The Jungle Book,1967,7.6,65,78,158037,"Animation, Adventure, Family",$141.84M
Only the Brave,2017,7.6,72,134,51873,"Action, Biography, Drama",$18.34M
The Elephant Man,1980,8.1,77,124,208133,"Biography, Drama",-
The Bourne Ultimatum,2007,8.0,85,115,590129,"Action, Mystery, Thriller",$227.47M
How to Train Your Dragon,2010,8.1,75,98,636281,"Animation, Action, Adventure",$217.58M
Kiki's Delivery Service,1989,7.9,83,103,109265,"Animation, Adventure, Drama",-
North by Northwest,1959,8.3,98,136,283508,"Adventure, Mystery, Thriller",$13.28M
The Thin Red Line,1998,7.6,78,170,165550,"Drama, War",$36.40M
The Secret World of Arrietty,2010,7.6,80,94,72717,"Animation, Adventure, Family",$19.20M
Sling Blade,1996,8.0,84,135,84260,Drama,$24.48M
Coraline,2009,7.7,80,100,185606,"Animation, Drama, Family",$75.29M
Andhadhun,2018,8.3,-,139,57027,"Crime, Thriller",$1.37M
Network,1976,8.1,83,121,137502,Drama,-
The Birds,1963,7.7,88,119,161987,"Drama, Horror, Mystery",$11.40M
Ben-Hur,1959,8.1,90,212,209174,"Adventure, Drama, History",$74.70M
This Is Spinal Tap,1984,7.9,92,82,123946,"Comedy, Music",$0.19M
Lost Highway,1997,7.6,52,134,123697,"Mystery, Thriller",$3.80M
The Ten Commandments,1956,7.8,-,220,59568,"Adventure, Drama",$93.74M
Lethal Weapon,1987,7.6,68,109,227056,"Action, Crime, Thriller",$65.21M
In the Mood for Love,2000,8.1,85,98,113361,"Drama, Romance",$2.73M
Rise of the Planet of the Apes,2011,7.6,68,105,483858,"Action, Drama, Sci-Fi",$176.76M
High Noon,1952,7.9,89,85,93524,"Drama, Thriller, Western",$9.45M
Enemy at the Gates,2001,7.6,53,131,232763,"Drama, History, War",$51.40M
Metropolis,1927,8.3,98,153,151359,"Drama, Sci-Fi",$1.24M
The Magnificent Seven,1960,7.7,74,128,83798,"Action, Adventure, Western",$4.91M
Eastern Promises,2007,7.6,82,100,219865,"Action, Crime, Drama",$17.11M
The Bourne Supremacy,2004,7.7,73,108,418977,"Action, Mystery, Thriller",$176.24M
Breathless,1960,7.9,-,90,68193,"Crime, Drama",$0.34M
Sunset Blvd.,1950,8.4,-,110,188770,"Drama, Film-Noir",-
Despicable Me,2010,7.6,72,95,481196,"Animation, Comedy, Family",$251.51M
The Abyss,1989,7.6,62,171,156358,"Adventure, Drama, Mystery",$54.46M
Dawn of the Dead,1978,7.9,71,127,106956,"Horror, Thriller",$5.10M
Bonnie and Clyde,1967,7.8,86,111,97882,"Action, Biography, Crime",-
The Dirty Dozen,1967,7.8,73,150,64030,"Action, Adventure, War",$45.30M
The Girl with the Dragon Tattoo,2009,7.8,76,152,202933,"Crime, Drama, Mystery",$10.10M
127 Hours,2010,7.6,82,94,335001,"Biography, Drama",$18.34M
The Tale of The Princess Kaguya,2013,8.0,89,137,32348,"Animation, Adventure, Drama",$1.51M
Midnight Cowboy,1969,7.8,79,113,95548,Drama,$44.79M
Ip Man,2008,8.0,59,106,202651,"Action, Biography, Drama",-
This Is England,2006,7.7,86,101,112497,"Crime, Drama",$0.33M
The Sting,1973,8.3,83,129,229770,"Comedy, Crime, Drama",$159.60M
Being John Malkovich,1999,7.7,90,113,296908,"Comedy, Drama, Fantasy",$22.86M
Fear and Loathing in Las Vegas,1998,7.6,41,118,249720,"Adventure, Comedy, Drama",$10.68M
"Planes, Trains & Automobiles",1987,7.6,72,93,116182,"Comedy, Drama",$49.53M
Dawn of the Planet of the Apes,2014,7.6,79,130,400495,"Action, Adventure, Drama",$208.55M
The Holy Mountain,1973,7.9,-,114,33798,"Adventure, Drama, Fantasy",$0.06M
Do the Right Thing,1989,7.9,92,120,79529,"Comedy, Drama",$27.55M
Die Hard with a Vengeance,1995,7.6,58,128,351038,"Action, Adventure, Thriller",$100.01M
Robin Hood,1973,7.6,57,83,109270,"Animation, Adventure, Comedy",$32.06M
Cool Hand Luke,1967,8.1,91,127,154497,"Crime, Drama",$16.22M
"Paris, Texas",1984,8.1,78,145,80855,Drama,$2.18M
Before Sunset,2004,8.0,90,80,219506,"Drama, Romance",$5.82M
Dogville,2003,8.0,60,178,131363,"Crime, Drama",$1.53M
Falling Down,1993,7.6,56,113,161933,"Crime, Drama, Thriller",$40.90M
Dark City,1998,7.6,66,100,181733,"Mystery, Sci-Fi, Thriller",$14.38M
Sing Street,2016,7.9,79,106,79674,"Comedy, Drama, Music",$3.24M
Solaris,1972,8.1,90,167,74511,"Drama, Mystery, Sci-Fi",-
"Crouching Tiger, Hidden Dragon",2000,7.8,94,120,245761,"Action, Adventure, Fantasy",$128.08M
In the Name of the Father,1993,8.1,84,133,147747,"Biography, Drama",$25.01M
Harakiri,1962,8.7,85,133,31305,"Action, Drama, History",-
The Illusionist,2006,7.6,68,110,344737,"Drama, Fantasy, History",$39.87M
The Treasure of the Sierra Madre,1948,8.2,98,126,108077,"Adventure, Drama, Western",$5.01M
Planet of the Apes,1968,8.0,79,112,159979,"Adventure, Sci-Fi",$33.40M
Annie Hall,1977,8.0,92,93,243245,"Comedy, Romance",$39.20M
Lucky Number Slevin,2006,7.7,53,110,293250,"Crime, Drama, Mystery",$22.49M
The Best Offer,2013,7.8,49,131,101096,"Crime, Drama, Mystery",$0.09M
The Lego Movie,2014,7.8,83,100,314247,"Animation, Action, Adventure",$257.76M
The Apartment,1960,8.3,94,125,152793,"Comedy, Drama, Romance",$18.60M
Papillon,1973,8.0,58,151,116648,"Biography, Crime, Drama",$53.27M
Funny Games,1997,7.6,69,108,60003,"Crime, Drama, Thriller",-
Ghost in the Shell,1995,8.0,76,83,121478,"Animation, Action, Crime",$0.52M
The Last Picture Show,1971,8.0,93,118,39567,"Drama, Romance",$29.13M
Paths of Glory,1957,8.4,-,88,165854,"Drama, War",-
3:10 to Yuma,2007,7.7,76,122,277973,"Action, Crime, Drama",$53.61M
Midnight Express,1978,7.6,59,121,69111,"Biography, Crime, Drama",$35.00M
A Bronx Tale,1993,7.8,80,121,121631,"Crime, Drama, Romance",$17.27M
Ponyo,2008,7.7,86,101,112718,"Animation, Adventure, Comedy",$15.09M
Mommy,2014,8.1,74,139,46100,Drama,$3.49M
Stranger Than Fiction,2006,7.6,67,113,212227,"Comedy, Drama, Fantasy",$40.14M
Carlito's Way,1993,7.9,65,144,191673,"Crime, Drama, Thriller",$36.95M
A Fistful of Dollars,1964,8.0,65,99,186158,"Action, Drama, Western",$14.50M
Star Trek II: The Wrath of Khan,1982,7.7,67,113,108515,"Action, Adventure, Sci-Fi",$78.91M
The Wrestler,2008,7.9,81,109,282613,"Drama, Sport",$26.24M
Before Midnight,2013,7.9,94,109,130318,"Drama, Romance",$8.11M
Fried Green Tomatoes,1991,7.7,64,130,63661,Drama,$82.42M
Kramer vs. Kramer,1979,7.8,77,105,124936,Drama,$106.26M
50/50,2011,7.6,72,100,307511,"Comedy, Drama, Romance",$35.01M
Snow White and the Seven Dwarfs,1937,7.6,95,83,172327,"Animation, Family, Fantasy",$184.93M
The Name of the Rose,1986,7.7,54,130,97323,"Crime, Drama, Mystery",$7.15M
Changeling,2008,7.7,63,141,228558,"Biography, Crime, Drama",$35.74M
After Hours,1985,7.7,90,97,53715,"Comedy, Crime, Drama",$10.60M
Adaptation.,2002,7.7,83,115,170014,"Comedy, Drama",$22.25M
The Raid: Redemption,2011,7.6,73,101,182165,"Action, Thriller",$4.11M
The Invisible Man,1933,7.7,-,71,28112,"Comedy, Horror, Sci-Fi",-
Paddington 2,2017,7.8,88,103,54326,"Adventure, Comedy, Family",$40.44M
Hachi: A Dog's Tale,2009,8.1,-,93,236618,"Drama, Family",-
Dangerous Liaisons,1988,7.6,74,119,61831,"Drama, Romance",$34.70M
Beasts of No Nation,2015,7.7,79,137,68083,"Drama, War",$0.08M
Porco Rosso,1992,7.8,83,94,68522,"Animation, Adventure, Comedy",-
Awakenings,1990,7.8,74,121,116962,"Biography, Drama",$52.10M
Perfect Blue,1997,8.0,-,81,49478,"Animation, Horror, Mystery",$0.78M
A Silent Voice: The Movie,2016,8.2,78,130,34454,"Animation, Drama, Family",-
National Lampoon's Christmas Vacation,1989,7.6,49,97,146542,Comedy,$71.32M
The Great Beauty,2013,7.8,86,141,75978,Drama,$2.85M
Cold War,2018,7.6,90,89,41809,"Drama, History, Music",$4.57M
A Little Princess,1995,7.7,83,97,30651,"Drama, Family, Fantasy",$10.02M
Como Estrelas na Terra,2007,8.4,-,165,153014,"Drama, Family",$1.22M
The Man from Earth,2007,7.9,-,87,165891,"Drama, Fantasy, Sci-Fi",-
The Straight Story,1999,8.0,86,112,77434,"Biography, Drama",$6.20M
Night of the Living Dead,1968,7.9,89,96,110130,Horror,$0.09M
The Fall,2006,7.9,64,117,103971,"Adventure, Drama, Fantasy",$2.28M
Let the Right One In,2008,7.9,82,114,199652,"Drama, Horror, Romance",$2.12M
Flipped,2010,7.7,45,90,77624,"Comedy, Drama, Romance",$1.75M
8½,1963,8.0,-,138,103089,Drama,$0.05M
My Fair Lady,1964,7.8,95,170,82787,"Drama, Family, Musical",$72.00M
Clerks,1994,7.7,70,92,206477,Comedy,$3.15M
The Life of David Gale,2003,7.6,31,130,104605,"Crime, Drama, Thriller",$19.59M
Rebecca,1940,8.1,86,130,115521,"Drama, Mystery, Romance",$4.36M
Charade,1963,7.9,83,113,63392,"Comedy, Mystery, Romance",$13.47M
M,1931,8.3,-,99,134648,"Crime, Mystery, Thriller",$0.03M
Lord of War,2005,7.6,62,122,285056,"Action, Crime, Drama",$24.15M
The Color Purple,1985,7.8,78,154,74120,Drama,$98.47M
Naked,1993,7.8,84,132,31905,"Comedy, Drama",$1.77M
PK,2014,8.1,-,153,148581,"Comedy, Drama, Fantasy",$10.62M
The King of Comedy,1982,7.8,73,109,79268,"Comedy, Crime, Drama",$2.50M
Ran,1985,8.2,96,162,104405,"Action, Drama",$3.52M
The Man Who Shot Liberty Valance,1962,8.1,94,124,65228,"Drama, Western",-
The French Connection,1971,7.7,94,104,103903,"Action, Crime, Drama",-
Witness for the Prosecution,1957,8.4,-,116,99270,"Crime, Drama, Film-Noir",$8.18M
The Bridges of Madison County,1995,7.6,66,135,68544,"Drama, Romance",$71.52M
JFK,1991,8.0,72,189,135174,"Drama, History, Thriller",$70.41M
Roman Holiday,1953,8.0,78,118,121457,"Comedy, Romance",-
Miller's Crossing,1990,7.8,66,115,121454,"Crime, Drama, Thriller",$5.08M
A Streetcar Named Desire,1951,8.0,97,122,94726,Drama,$8.00M
Rushmore,1998,7.7,86,93,162234,"Comedy, Drama",$17.11M
What Ever Happened to Baby Jane?,1962,8.1,75,134,47331,"Drama, Horror, Thriller",$4.05M
For a Few Dollars More,1965,8.3,74,132,218232,Western,$15.00M
The Bridge on the River Kwai,1957,8.1,87,161,193451,"Adventure, Drama, War",$44.91M
Persona,1966,8.1,86,83,93238,"Drama, Thriller",-
The Artist,2011,7.9,89,100,222854,"Comedy, Drama, Romance",$44.67M
Doctor Zhivago,1965,8.0,69,197,66704,"Drama, Romance, War",$111.72M
October Sky,1999,7.8,71,108,78068,"Biography, Drama, Family",$32.48M
I Am Sam,2001,7.7,28,132,138933,Drama,$40.31M
Rope,1948,8.0,73,80,120983,"Crime, Drama, Mystery",-
Amores Perros,2000,8.1,83,154,213674,"Drama, Thriller",$5.38M
"Synecdoche, New York",2008,7.6,67,124,76518,"Comedy, Drama",$3.08M
The Insider,1999,7.8,84,157,154040,"Biography, Drama, Thriller",$28.97M
"Blood In, Blood Out",1993,8.0,47,180,27558,"Crime, Drama",$4.50M
Hedwig and the Angry Inch,2001,7.7,85,95,30685,"Comedy, Drama, Music",$3.03M
Chungking Express,1994,8.1,77,102,56721,"Comedy, Crime, Drama",$0.60M
On the Waterfront,1954,8.1,91,108,134224,"Crime, Drama, Thriller",$9.60M
The Manchurian Candidate,1962,7.9,94,126,69133,"Drama, Thriller",-
Cinderella Man,2005,8.0,69,144,170465,"Biography, Drama, History",$61.65M
The Mirror,1975,8.1,-,107,35545,"Biography, Drama",$0.18M
Guess Who's Coming to Dinner,1967,7.8,63,108,36851,"Comedy, Drama",$56.70M
Days of Heaven,1978,7.9,93,94,48638,"Drama, Romance",-
Gandhi,1982,8.0,79,191,211903,"Biography, Drama, History",$52.77M
The Searchers,1956,7.9,94,119,76088,"Adventure, Drama, Western",-
In the Heat of the Night,1967,8.0,75,110,63525,"Crime, Drama, Mystery",$24.38M
The Iron Giant,1999,8.0,85,86,164055,"Animation, Action, Adventure",$23.16M
The Nightmare Before Christmas,1993,8.0,82,76,279777,"Animation, Family, Fantasy",$75.08M
La Dolce Vita,1960,8.0,95,174,62035,"Comedy, Drama",$19.52M
Blood Simple,1984,7.6,81,99,82704,"Crime, Drama, Thriller",$2.15M
Victoria,2015,7.6,77,138,47989,"Crime, Drama, Romance",-
Evil Dead II,1987,7.8,69,84,141553,"Comedy, Horror",$5.92M
Finding Neverland,2004,7.7,67,106,194052,"Biography, Drama, Family",$51.68M
The Longest Day,1962,7.8,75,178,50494,"Action, Drama, History",$39.10M
Short Term 12,2013,8.0,82,96,76999,Drama,$1.01M
Ordinary People,1980,7.7,87,124,44242,Drama,$54.80M
La Haine,1995,8.1,-,98,138088,"Crime, Drama",$0.31M
Hotel Rwanda,2004,8.1,79,121,322803,"Biography, Drama, History",$23.53M
All That Jazz,1979,7.9,72,123,25898,"Drama, Music, Musical",$37.82M
Sophie's Choice,1982,7.6,68,150,39093,"Drama, Romance",$30.04M
Kung Fu Hustle,2004,7.7,78,99,121399,"Action, Comedy, Fantasy",$17.11M
Double Indemnity,1944,8.3,95,107,134791,"Crime, Drama, Film-Noir",$5.72M
Glory,1989,7.8,78,122,115997,"Biography, Drama, History",$26.83M
Gangs of Wasseypur,2012,8.2,89,321,73655,"Action, Comedy, Crime",-
Enter the Dragon,1973,7.7,83,102,92078,"Action, Crime, Drama",$25.00M
The Muppet Movie,1979,7.6,74,95,30880,"Adventure, Comedy, Family",$76.66M
Me and Earl and the Dying Girl,2015,7.7,74,105,117365,"Comedy, Drama, Romance",$6.74M
Fiddler on the Roof,1971,8.0,67,181,36904,"Drama, Family, Musical",$80.50M
Cabaret,1972,7.8,80,124,45820,"Drama, Musical",$42.77M
My Left Foot,1989,7.9,97,103,63872,"Biography, Drama",$14.74M
Loving Vincent,2017,7.8,62,94,45025,"Animation, Biography, Crime",$6.74M
Sabrina,1954,7.7,72,113,55855,"Comedy, Drama, Romance",-
How to Train Your Dragon 2,2014,7.8,76,102,291760,"Animation, Action, Adventure",$177.00M
The Last King of Scotland,2006,7.7,74,123,169891,"Biography, Drama, History",$17.61M
The Great Dictator,1940,8.4,-,125,190705,"Comedy, Drama, War",-
The Last Emperor,1987,7.7,76,163,88820,"Biography, Drama, History",$43.98M
Malcolm X,1992,7.7,72,202,78981,"Biography, Drama, History",$48.17M
Glengarry Glen Ross,1992,7.7,80,100,91491,"Crime, Drama, Mystery",$10.73M
Underground,1995,8.1,-,167,52684,"Comedy, Drama, War",$0.17M
Wings of Desire,1987,8.0,79,128,60713,"Drama, Fantasy, Romance",$3.33M
Ed Wood,1994,7.8,70,127,160739,"Biography, Comedy, Drama",$5.89M
Andrei Rublev,1966,8.2,-,205,42230,"Biography, Drama, History",$0.10M
Lady Vengeance,2005,7.6,75,115,67582,"Crime, Drama, Thriller",$0.21M
Ray,2004,7.7,73,152,132493,"Biography, Drama, Music",$75.33M
Wild Strawberries,1957,8.2,-,91,88806,"Drama, Romance",-
Dial M for Murder,1954,8.2,75,105,147413,"Crime, Thriller",$0.01M
Blow-Up,1966,7.6,82,111,53097,"Drama, Mystery, Thriller",-
21 Grams,2003,7.7,70,124,217692,"Crime, Drama, Thriller",$16.25M
Thank You for Smoking,2005,7.6,71,92,209097,"Comedy, Drama",$24.79M
All About Eve,1950,8.2,98,138,114218,Drama,$0.01M
Perfeitos Desconhecidos,2016,7.8,-,96,50847,"Comedy, Drama",-
Fanny and Alexander,1982,8.1,100,188,54062,Drama,$4.97M
The Wind Rises,2013,7.8,83,126,64923,"Animation, Biography, Drama",$5.21M
Shane,1953,7.6,80,118,35075,"Drama, Western",$20.00M
Gully Boy,2019,8.2,65,153,25333,"Drama, Musical",$5.57M
Hero,2002,7.9,85,107,169687,"Action, Adventure, History",$53.71M
Barton Fink,1991,7.7,69,116,107997,"Comedy, Drama, Thriller",$6.15M
Mary and Max,2009,8.1,-,92,156867,"Animation, Comedy, Drama",-
Modern Times,1936,8.5,96,87,203086,"Comedy, Drama, Family",$0.16M
The Tenant,1976,7.7,-,126,36664,"Drama, Thriller",$1.92M
The Maltese Falcon,1941,8.0,96,100,144218,"Film-Noir, Mystery",$2.11M
The Chaser,2008,7.9,64,125,53291,"Action, Crime, Thriller",-
Letters from Iwo Jima,2006,7.9,89,141,149528,"Action, Adventure, Drama",$13.76M
The Third Man,1949,8.1,97,93,151141,"Film-Noir, Mystery, Thriller",$0.45M
Nosferatu,1922,7.9,-,94,84359,"Fantasy, Horror",-
The Raid 2,2014,8.0,71,150,108731,"Action, Crime, Thriller",$2.63M
The Day the Earth Stood Still,1951,7.7,-,92,74267,"Drama, Sci-Fi",-
Rashomon,1950,8.2,98,88,142624,"Crime, Drama, Mystery",$0.10M
The Man from Nowhere,2010,7.8,-,119,58289,"Action, Drama, Thriller",$0.01M
Drishyam,2015,8.2,-,163,60404,"Crime, Drama, Mystery",$0.74M
Pride,2014,7.8,79,119,48838,"Biography, Comedy, Drama",-
Detachment,2011,7.7,52,98,72473,Drama,$0.07M
Manhattan,1979,7.9,83,96,125949,"Comedy, Drama, Romance",$45.70M
The Killing Fields,1984,7.8,76,141,49219,"Biography, Drama, History",$34.70M
Pink Floyd: The Wall,1982,8.1,47,95,72961,"Animation, Drama, Fantasy",$22.24M
The Remains of the Day,1993,7.8,84,134,61195,"Drama, Romance",$22.95M
Paprika,2006,7.7,81,90,65192,"Animation, Drama, Fantasy",$0.88M
Kubo and the Two Strings,2016,7.8,84,101,111684,"Animation, Action, Adventure",$48.02M
Harold and Maude,1971,7.9,62,91,67762,"Comedy, Drama, Romance",-
Dancer in the Dark,2000,8.0,61,140,97452,"Crime, Drama, Musical",$4.18M
Mississippi Burning,1988,7.8,65,128,82586,"Crime, Drama, History",$34.60M
Being There,1979,8.0,84,130,62588,"Comedy, Drama",$30.18M
Sympathy for Mr. Vengeance,2002,7.6,56,129,58784,"Action, Drama, Thriller",$0.05M
The Wild Bunch,1969,7.9,97,135,74466,"Action, Adventure, Western",$12.06M
The Right Stuff,1983,7.8,91,193,53942,"Adventure, Biography, Drama",$21.50M
All About My Mother,1999,7.8,87,101,84435,Drama,$8.26M
Fantasia,1940,7.8,96,125,84619,"Animation, Family, Fantasy",$76.41M
Dilwale Dulhania Le Jayenge,1995,8.1,-,181,60086,"Drama, Romance",-
Baahubali,2015,8.1,-,159,97091,"Action, Drama",$6.74M
The Secret of NIMH,1982,7.6,76,82,34597,"Animation, Adventure, Drama",$10.14M
Three Colors: Blue,1993,7.9,85,94,82382,"Drama, Music, Mystery",$1.32M
La Vie En Rose,2007,7.6,66,140,79738,"Biography, Drama, Music",$10.30M
Zulu,1964,7.7,77,138,34352,"Drama, History, War",-
Dead Man,1995,7.6,62,121,86611,"Adventure, Drama, Fantasy",$1.04M
The Outlaw Josey Wales,1976,7.9,69,135,62438,Western,$31.80M
Belle de Jour,1967,7.7,-,100,37573,Drama,$0.03M
Nebraska,2013,7.7,86,115,108480,"Adventure, Comedy, Drama",$17.65M
East of Eden,1955,7.9,72,118,38307,Drama,-
Happiness,1998,7.7,81,134,64173,"Comedy, Drama",$2.81M
Once,2007,7.8,88,86,107416,"Drama, Music, Romance",$9.44M
The Cabinet of Dr. Caligari,1920,8.1,-,67,53242,"Fantasy, Horror, Mystery",-
Delicatessen,1991,7.6,66,99,77362,"Comedy, Crime",$1.79M
The Adventures of Robin Hood,1938,7.9,97,102,45293,"Action, Adventure, Romance",$3.98M
The Killing,1956,8.0,-,84,77022,"Crime, Drama, Film-Noir",-
Paper Moon,1973,8.0,77,102,39668,"Comedy, Drama",$30.93M
Breaking the Waves,1996,7.9,76,159,59528,Drama,$4.04M
Repulsion,1965,7.7,91,105,45951,"Drama, Horror, Thriller",-
Strangers on a Train,1951,8.0,88,101,117986,"Crime, Film-Noir, Thriller",$7.63M
From Here to Eternity,1953,7.6,85,118,40936,"Drama, Romance, War",$30.50M
Amour,2012,7.9,94,127,88423,"Drama, Romance",$6.74M
Children of Heaven,1997,8.3,-,89,58580,"Drama, Family, Sport",$0.93M
Neon Genesis Evangelion: The End of Evangelion,1997,8.1,-,87,33432,"Animation, Action, Drama",-
K.G.F: Chapter 1,2018,8.2,-,156,28712,"Action, Drama",-
City Lights,1931,8.5,99,87,156408,"Comedy, Drama, Romance",$0.02M
Stagecoach,1939,7.9,93,96,40415,"Adventure, Drama, Western",-
The Station Agent,2003,7.6,81,89,65582,"Comedy, Drama",$5.74M
Where Eagles Dare,1968,7.7,63,158,49283,"Action, Adventure, War",-
Run Lola Run,1998,7.6,77,80,182978,"Crime, Drama, Thriller",$7.27M
High and Low,1963,8.5,-,143,26793,"Crime, Drama, Mystery",-
Bicycle Thieves,1948,8.3,-,89,135538,Drama,$0.33M
The 400 Blows,1959,8.1,-,99,97428,"Crime, Drama",-
Volver,2006,7.6,84,121,90989,"Comedy, Drama",$12.90M
Patton,1970,7.9,91,172,90661,"Biography, Drama, War",$61.70M
Rio Bravo,1959,8.0,-,141,53107,"Action, Drama, Western",$12.54M
Notorious,1946,7.9,100,102,87992,"Drama, Film-Noir, Romance",$10.46M
The Big Sleep,1946,7.9,-,114,75928,"Crime, Film-Noir, Mystery",$6.54M
Mustang,2015,7.6,83,97,32973,Drama,$0.85M
Three Colors: Red,1994,8.1,100,99,83988,"Drama, Mystery, Romance",$4.04M
The Hurricane,1999,7.6,74,146,88499,"Biography, Drama, Sport",$50.67M
Open Your Eyes,1997,7.8,-,117,61393,"Drama, Mystery, Sci-Fi",$0.37M
Shadow of a Doubt,1943,7.8,94,108,56151,Thriller,-
Kind Hearts and Coronets,1949,8.0,-,106,33056,"Comedy, Crime",-
When Marnie Was There,2014,7.7,72,103,26740,"Animation, Drama, Family",$0.77M
It Happened One Night,1934,8.1,87,105,88448,"Comedy, Romance",$4.36M
25th Hour,2002,7.6,67,135,165433,Drama,$13.06M
Gettysburg,1993,7.6,-,271,25164,"Drama, History, War",$10.77M
The Meaning of Life,1983,7.6,-,107,109215,"Comedy, Musical",$14.93M
Wait Until Dark,1967,7.8,81,108,26320,"Horror, Thriller",$17.55M
Ayla: The Daughter of War,2017,8.5,-,125,29712,"Biography, Drama, History",-
Short Cuts,1993,7.7,79,188,40735,"Comedy, Drama",$6.11M
Whisper of the Heart,1995,8.0,75,111,43365,"Animation, Drama, Family",-
Kelly's Heroes,1970,7.6,50,144,43132,"Adventure, Comedy, War",$1.38M
The Producers,1967,7.6,96,88,47832,"Comedy, Music",$0.11M
Judgment at Nuremberg,1961,8.2,60,179,64963,"Drama, War",-
Hamlet,1996,7.7,-,242,35009,Drama,$4.41M
"Aguirre, the Wrath of God",1972,8.0,-,95,49083,"Action, Adventure, Biography",-
"Duck, You Sucker",1971,7.7,77,138,27969,"Drama, War, Western",-
Yojimbo,1961,8.2,-,110,103377,"Action, Drama, Thriller",-
Era uma Vez na Anatolia,2011,7.9,82,157,37326,"Crime, Drama",$0.14M
A Lenda do Pianista do Mar,1998,8.1,58,169,55704,"Drama, Music, Romance",$0.26M
Freaks,1932,7.9,80,64,40093,Drama,-
The Little Prince,2015,7.7,70,108,52981,"Animation, Adventure, Drama",$1.34M
Chaplin,1992,7.6,47,143,51293,"Biography, Comedy, Drama",$9.49M
All Quiet on the Western Front,1930,8.0,91,152,55146,"Drama, War",$3.27M
"I, Daniel Blake",2016,7.9,78,100,48171,Drama,$0.26M
Contempt,1963,7.6,-,102,26284,"Drama, Romance",$0.04M
Black Book,2006,7.7,71,145,70181,"Drama, Thriller, War",$4.40M
Frost/Nixon,2008,7.7,80,122,99262,"Biography, Drama, History",$18.59M
Anatomy of a Murder,1959,8.0,95,161,56223,"Crime, Drama, Mystery",$11.90M
Song of the Sea,2014,8.1,85,93,47141,"Animation, Adventure, Drama",$0.86M
Lagaan: Once Upon a Time in India,2001,8.1,84,224,98163,"Adventure, Drama, Musical",$0.07M
On Golden Pond,1981,7.6,68,109,26302,Drama,$119.29M
Dead Man's Shoes,2004,7.6,52,90,47636,"Crime, Drama, Thriller",$0.01M
The Exterminating Angel,1962,8.1,-,95,27404,"Drama, Fantasy",-
The Grapes of Wrath,1940,8.0,96,129,83244,"Drama, History",$0.06M
Hannah and Her Sisters,1986,7.9,90,107,63966,"Comedy, Drama",$40.08M
Infernal Affairs,2002,8.0,75,101,114562,"Crime, Drama, Mystery",$0.17M
Amarcord,1973,7.9,-,123,37327,"Comedy, Drama",-
The Verdict,1982,7.7,77,129,33799,Drama,$54.00M
Battleship Potemkin,1925,8.0,-,66,50177,"Drama, History, Thriller",$0.05M
Cat on a Hot Tin Roof,1958,8.0,80,108,42574,Drama,$17.57M
The Night of the Hunter,1955,8.0,99,92,77791,"Crime, Drama, Film-Noir",$0.65M
Touch of Evil,1958,8.0,99,95,95064,"Crime, Drama, Film-Noir",$2.24M
Uri: The Surgical Strike,2019,8.3,-,138,37766,"Action, Drama, War",$4.19M
Ikiru,1952,8.3,-,143,62169,Drama,$0.06M
A Man for All Seasons,1966,7.7,72,120,29458,"Biography, Drama, History",$28.35M
The Double Life of Véronique,1991,7.8,86,98,38638,"Drama, Fantasy, Music",$2.00M
"South Park: Bigger, Longer & Uncut",1999,7.7,73,81,187265,"Animation, Comedy, Fantasy",$52.01M
Frankenstein,1931,7.8,91,70,61564,"Drama, Horror, Sci-Fi",-
Waking Life,2001,7.8,82,99,58717,"Animation, Drama, Fantasy",$2.89M
The Man Who Would Be King,1975,7.8,91,129,42236,"Adventure, History, War",-
The Red Shoes,1948,8.2,-,135,28036,"Drama, Music, Romance",$10.90M
The Hustler,1961,8.0,90,134,72582,"Drama, Sport",-
Talk to Her,2002,7.9,86,112,100453,"Drama, Mystery, Romance",$9.28M
The Salesman,2016,7.8,85,124,45601,"Drama, Thriller",$2.40M
Who's Afraid of Virginia Woolf?,1966,8.0,75,131,66310,Drama,-
The Diving Bell and the Butterfly,2007,8.0,92,112,100457,"Biography, Drama",$5.99M
Loveless,2017,7.6,86,127,26305,Drama,$0.57M
Withnail & I,1987,7.7,84,107,38067,"Comedy, Drama",$1.54M
Control,2007,7.7,78,122,59474,"Biography, Drama, Music",$0.87M
A Christmas Story,1983,8.0,77,94,126774,"Comedy, Family",$20.61M
Stalag 17,1953,8.0,84,120,49350,"Comedy, Drama, War",-
The Lion in Winter,1968,7.9,-,134,27869,"Biography, Drama, History",$22.28M
Três Amigos na Estrada,2011,8.1,-,155,62392,"Comedy, Drama",$3.11M
Le Samouraï,1967,8.1,-,101,41881,"Crime, Drama, Mystery",$0.04M
3-Iron,2004,8.0,72,88,46827,"Crime, Drama, Romance",$0.24M
Leviathan,2014,7.6,92,140,45927,"Crime, Drama",$1.09M
The African Queen,1951,7.7,91,105,68660,"Adventure, Drama, Romance",$0.54M
Watership Down,1978,7.6,64,91,32226,"Animation, Adventure, Drama",-
Red River,1948,7.8,-,133,26565,"Action, Adventure, Romance",-
The Wave,2008,7.6,-,107,98306,"Drama, Thriller",-
The White Ribbon,2009,7.8,82,144,65233,"Drama, History, Mystery",$2.22M
A Very Long Engagement,2004,7.6,76,133,69342,"Drama, Mystery, Romance",$6.17M
Fitzcarraldo,1982,8.1,-,158,29097,"Adventure, Drama",-
Sono de Inverno,2014,8.2,88,196,40487,Drama,$0.17M
Invasion of the Body Snatchers,1956,7.7,92,80,42732,"Drama, Horror, Sci-Fi",-
A Man Called Ove,2015,7.7,70,116,42638,"Comedy, Drama, Romance",$3.36M
Cries & Whispers,1972,8.1,-,91,27629,Drama,-
The Philadelphia Story,1940,7.9,96,112,60534,"Comedy, Romance",-
Gilda,1946,7.7,-,110,26056,"Drama, Film-Noir, Romance",-
Nights of Cabiria,1957,8.1,-,110,40461,Drama,$0.75M
Good Bye Lenin!,2003,7.7,68,121,132827,"Comedy, Drama, Romance",$4.06M
Confessions,2010,7.8,-,106,33550,"Drama, Thriller",-
The Kid,1921,8.3,-,68,104468,"Comedy, Drama, Family",$5.45M
Deep Red,1975,7.6,89,127,29432,"Horror, Mystery, Thriller",-
Bringing Up Baby,1938,7.9,91,102,52595,"Comedy, Family, Romance",-
His Girl Friday,1940,7.9,-,92,50511,"Comedy, Drama, Romance",$0.30M
A Prophet,2009,7.9,90,155,90185,"Crime, Drama",$2.08M
The Day of the Jackal,1973,7.8,80,143,35585,"Crime, Drama, Thriller",$16.06M
Swades,2004,8.2,-,189,78153,Drama,$1.22M
The Bandit,1996,8.3,-,128,59015,"Crime, Drama, Thriller",-
The Secret of Kells,2009,7.6,81,75,29585,"Animation, Adventure, Family",$0.69M
Ivan's Childhood,1962,8.1,-,84,28403,"Drama, War",-
Elite Squad,2007,8.1,33,115,94678,"Action, Crime, Drama",$0.01M
Kal ho naa ho,2003,8.0,54,186,59816,"Comedy, Drama, Romance",$1.79M
Mysterious Skin,2004,7.6,73,105,63935,Drama,$0.70M
Sunrise,1927,8.1,-,94,45029,"Drama, Romance",$0.54M
Ace in the Hole,1951,8.1,72,111,28166,"Drama, Film-Noir",$3.97M
"Spring, Summer, Fall, Winter... and Spring",2003,8.0,85,103,73577,"Drama, Romance",$2.38M
Pierrot le Fou,1965,7.6,-,110,26818,"Crime, Drama, Romance",-
Land of Mine,2015,7.8,75,100,31266,"Drama, History, War",$0.44M
My Sassy Girl,2001,8.0,-,123,43628,"Comedy, Drama, Romance",-
Laura,1944,8.0,-,88,40343,"Drama, Film-Noir, Mystery",$4.36M
Tokyo Story,1953,8.2,-,136,47270,Drama,-
The Lady Vanishes,1938,7.8,-,96,44572,"Film-Noir, Mystery, Thriller",-
My Name Is Khan,2010,8.0,50,165,94138,Drama,$4.02M
The Motorcycle Diaries,2004,7.8,75,126,93586,"Adventure, Biography, Drama",$16.76M
Sleuth,1972,8.0,-,138,43135,"Mystery, Thriller",-
The Best Years of Our Lives,1946,8.0,92,170,55081,"Drama, Romance, War",$23.65M
Meu Pai e Meu Filho,2005,8.3,-,108,72713,"Drama, Family",-
The Broken Circle Breakdown,2012,7.8,70,111,37689,"Drama, Music, Romance",$0.18M
A Hard Day's Night,1964,7.6,96,87,38249,"Comedy, Music, Musical",$13.78M
Philomena,2013,7.6,77,98,91104,"Biography, Comedy, Drama",$37.71M
The Sea Inside,2004,8.0,74,126,74733,"Biography, Drama",$2.09M
Mr. Smith Goes to Washington,1939,8.1,73,129,101837,"Comedy, Drama",$9.60M
Fearless,2006,7.6,70,104,71065,"Action, Biography, Drama",$24.63M
The Message,1976,8.2,-,177,41422,"Biography, Drama, History",-
5 Centimeters Per Second,2007,7.6,-,63,47097,"Animation, Drama, Family",-
Wolf Children,2012,8.1,71,117,34993,"Animation, Drama, Family",-
The General,1926,8.1,-,67,75568,"Action, Adventure, Comedy",$0.23M
Bajrangi Bhaijaan,2015,8.0,-,163,67304,"Action, Comedy, Drama",$8.18M
The 39 Steps,1935,7.7,-,86,48776,"Film-Noir, Mystery, Thriller",-
The Experiment,2001,7.7,60,120,88735,"Drama, Thriller",$0.14M
The Celebration,1998,8.0,82,105,75147,Drama,$1.65M
Ninja Scroll,1993,7.9,-,94,32947,"Animation, Action, Adventure",-
Out of the Past,1947,8.0,-,97,30592,"Crime, Drama, Film-Noir",-
Night on Earth,1991,7.8,68,129,52367,"Comedy, Drama",$2.02M
Cell 211,2009,7.6,-,113,61364,"Action, Adventure, Crime",-
Three Colors: White,1994,7.7,88,92,58799,"Comedy, Drama, Romance",$1.46M
Pinte de Açafrão,2006,8.2,-,167,104947,"Comedy, Drama",$2.20M
To Have and Have Not,1944,7.8,-,100,29293,"Adventure, Comedy, Film-Noir",-
Tokyo Godfathers,2003,7.8,73,92,28425,"Animation, Adventure, Comedy",$0.13M
Inherit the Wind,1960,8.1,75,128,25820,"Biography, Drama, History",-
Secrets & Lies,1996,8.0,91,136,35067,"Comedy, Drama",$13.42M
The Return,2003,8.0,82,110,39965,Drama,$0.50M
"4 Months, 3 Weeks and 2 Days",2007,7.9,97,113,53984,Drama,$1.19M
Love Me If You Dare,2003,7.6,45,93,65208,"Comedy, Drama, Romance",$0.55M
Once Were Warriors,1994,7.9,77,102,30280,"Crime, Drama",$2.20M
Persepolis,2007,8.0,90,96,84931,"Animation, Biography, Drama",$4.45M
Kagemusha,1980,8.0,84,162,30039,"Drama, History, War",-
In America,2002,7.7,76,105,39611,Drama,$15.54M
Head-On,2004,7.9,78,121,48724,"Drama, Romance",-
Shine,1996,7.7,87,105,49705,"Biography, Drama, Music",$35.81M
The Passion of Joan of Arc,1928,8.1,-,114,43451,"Biography, Drama, History",$0.02M
Peeping Tom,1960,7.7,-,101,28547,"Drama, Horror, Thriller",$0.08M
The Discreet Charm of the Bourgeoisie,1972,7.9,93,102,35445,Comedy,$0.20M
Down by Law,1986,7.8,75,107,45326,"Comedy, Crime, Drama",$1.44M
Cowboy Bebop: The Movie,2001,7.9,61,115,40867,"Animation, Action, Crime",$1.00M
No Man's Land,2001,7.9,84,98,43104,"Comedy, Drama, War",$1.06M
Talvar,2015,8.2,-,132,27470,"Crime, Drama, Mystery",$0.34M
La Strada,1954,8.0,-,108,55185,Drama,-
Death Note,2006,7.7,-,126,27675,"Crime, Drama, Fantasy",-
Lilya 4-Ever,2002,7.8,82,109,40997,"Crime, Drama",$0.18M
"Gata Preta, Gato Branco",1998,8.1,73,127,48688,"Comedy, Crime, Romance",$0.35M
The Girl Who Leapt Through Time,2006,7.8,-,98,56244,"Animation, Adventure, Comedy",-
In a Better World,2010,7.6,65,118,37355,"Drama, Romance",$1.01M
The World's Fastest Indian,2005,7.8,68,127,50283,"Biography, Drama, Sport",$5.13M
The Vanishing,1988,7.7,-,107,31305,"Mystery, Thriller",-
The Wages of Fear,1953,8.1,-,131,50829,"Adventure, Drama, Thriller",-
About Elly,2009,8.0,87,119,41027,"Drama, Mystery, Thriller",$0.11M
The Chorus,2004,7.9,56,97,54653,"Drama, Music",$3.64M
Bride of Frankenstein,1935,7.8,-,75,41078,"Drama, Horror, Sci-Fi",$4.36M
Batman: Mask of the Phantasm,1993,7.8,-,76,40488,"Animation, Action, Crime",$5.62M
Throne of Blood,1957,8.1,-,110,42046,"Drama, History",-
Pink,2016,8.1,-,136,35122,"Drama, Thriller",$1.24M
The Lunchbox,2013,7.8,76,104,44744,"Drama, Romance",$4.23M
Arsenic and Old Lace,1944,8.0,-,118,63157,"Comedy, Crime, Thriller",-
After the Wedding,2006,7.7,78,120,30546,Drama,$0.41M
White Heat,1949,8.1,-,114,27687,"Action, Crime, Drama",-
Jules and Jim,1962,7.8,-,105,35114,"Drama, Romance",-
Key Largo,1948,7.8,-,100,35356,"Action, Crime, Drama",-
Crimes and Misdemeanors,1989,7.9,77,104,52235,"Comedy, Drama",$18.25M
Raise the Red Lantern,1991,8.1,-,125,27632,"Drama, History, Romance",$2.60M
The Hidden Fortress,1958,8.1,-,126,31507,"Adventure, Drama",-
Sholay,1975,8.2,-,162,48715,"Action, Adventure, Comedy",-
The Odd Couple,1968,7.7,86,105,30127,Comedy,$44.53M
The Gold Rush,1925,8.2,-,95,93819,"Adventure, Comedy, Drama",$5.45M
Departures,2008,8.1,68,130,46500,"Drama, Music",$1.50M
Vivre Sa Vie,1962,8.0,-,85,25123,Drama,-
Duck Soup,1933,7.8,93,69,53690,"Comedy, Musical, War",-
Sweet Smell of Success,1957,8.1,100,96,25942,"Drama, Film-Noir",-
Diabolique,1955,8.0,-,117,58929,"Crime, Drama, Horror",-
Baahubali 2: The Conclusion,2017,8.2,-,167,69635,"Action, Drama",$20.19M
Special 26,2013,8.0,-,144,47522,"Crime, Drama, Thriller",$1.08M
Hera Pheri,2000,8.2,-,156,51286,"Action, Comedy, Crime",-
O Que o Coração Deseja,2001,8.1,-,183,63341,"Comedy, Drama, Romance",$0.30M
The Thin Man,1934,8.0,-,91,25121,"Comedy, Crime, Mystery",-
Tangerines,2013,8.2,73,87,35378,"Drama, War",$0.14M
Queen,2013,8.2,-,146,57279,"Comedy, Drama",$1.43M
Il Postino,1994,7.7,81,108,31820,"Biography, Comedy, Drama",$21.85M
Bhaag Milkha Bhaag,2013,8.2,-,186,57227,"Biography, Drama, Sport",$1.63M
Kahaani,2012,8.1,-,122,54176,"Mystery, Thriller",$1.04M
The Battle of Algiers,1966,8.1,96,121,49373,"Drama, War",$0.06M
The Visitor,2007,7.6,79,104,40747,Drama,$9.42M
Black,2005,8.2,-,122,32047,Drama,$0.73M
Evil,2003,7.8,61,113,34517,Drama,$0.02M
A Wednesday,2008,8.1,-,104,70564,"Crime, Drama, Mystery",-
The Triplets of Belleville,2003,7.8,91,80,49131,"Animation, Comedy, Drama",$7.00M
Hard Boiled,1992,7.8,-,128,44892,"Action, Crime, Thriller",-
G.O.R.A.,2004,8.0,-,127,52690,"Adventure, Comedy, Sci-Fi",-
Au Revoir les Enfants,1987,8.0,-,104,29298,"Drama, War",$4.54M
Baby,2015,8.0,-,159,50173,"Action, Thriller",-
Elite Squad: The Enemy Within,2010,8.0,71,115,76812,"Action, Crime, Drama",$0.10M
The Purple Rose of Cairo,1985,7.7,75,82,44779,"Comedy, Fantasy, Romance",$10.63M
Miracle on 34th Street,1947,7.9,88,96,38573,"Comedy, Drama, Family",$2.65M
The Past,2013,7.8,85,130,42673,"Drama, Mystery",$1.33M
Love and Death,1975,7.7,89,85,34146,"Comedy, War",-
Harvey,1950,7.9,-,104,51200,"Comedy, Drama, Fantasy",-
Hiroshima Mon Amour,1959,7.9,-,90,26219,"Drama, Romance",$0.09M
Brief Encounter,1945,8.0,-,86,33294,"Drama, Romance",-
Nine Queens,2000,7.9,80,114,47444,"Crime, Drama, Thriller",$1.22M
Munna Bhai M.B.B.S.,2003,8.1,-,156,68815,"Comedy, Drama, Musical",-
Haider,2014,8.1,-,160,47558,"Crime, Drama, Thriller",$0.90M
The Killer,1989,7.8,82,111,44206,"Action, Crime, Drama",-
Sanjuro,1962,8.1,-,96,29758,"Action, Comedy, Crime",-
Fireworks,1997,7.8,-,103,25982,"Crime, Drama, Romance",$0.23M
Udaan,2010,8.1,-,134,40181,Drama,$0.01M
Interstate 60: Episodes of the Road,2002,7.7,-,116,28611,"Adventure, Comedy, Drama",-
Barfi!,2012,8.1,-,151,71570,"Comedy, Drama, Romance",$2.80M
The Magdalene Sisters,2002,7.7,83,114,25180,Drama,$4.89M
Adam's Apples,2005,7.8,51,94,43407,"Comedy, Crime, Drama",$0.00M
Lifeboat,1944,7.7,78,97,25193,"Drama, War",-
Sherlock Jr.,1924,8.2,-,45,36727,"Action, Comedy, Romance",$0.98M
Veer-Zaara,2004,7.8,67,192,46565,"Drama, Family, Musical",$2.92M
Tae Guk Gi: The Brotherhood of War,2004,8.1,64,140,36595,"Action, Drama, War",$1.11M
The Lost Weekend,1945,7.9,-,101,31833,"Drama, Film-Noir",$9.46M
Joyeux Noel,2005,7.7,70,116,26684,"Drama, History, Music",$1.05M
Chak de! India,2007,8.2,68,153,69593,"Drama, Family, Sport",$1.11M
Knockin' on Heaven's Door,1997,8.0,-,87,26154,"Action, Crime, Comedy",$0.00M
Zelig,1983,7.7,-,79,38293,Comedy,$11.80M
Le Dîner de Cons,1998,7.7,73,80,35592,Comedy,$4.07M
Central Station,1998,8.0,80,110,34087,Drama,$5.60M
Jab We Met,2007,7.9,-,138,44438,"Comedy, Drama, Romance",$0.41M
OMG: Oh My God!,2012,8.1,-,125,47316,"Comedy, Drama, Fantasy",$0.92M
Vampire Hunter D: Bloodlust,2000,7.7,62,103,27865,"Animation, Action, Fantasy",$0.15M
The Edge of Heaven,2007,7.8,85,122,29606,Drama,$0.74M
Vicky Donor,2012,7.8,-,126,37296,"Comedy, Romance",$0.17M
The Rules of the Game,1939,8.0,-,110,25247,"Comedy, Drama",-
Airlift,2016,8.0,-,130,50292,"Drama, History",-
Dev.D,2009,8.0,-,144,27138,"Comedy, Drama, Romance",$0.01M
La Grande Illusion,1937,8.1,-,113,32218,"Drama, War",$0.17M
Everyone Has Their Own Style,1994,8.2,-,160,47043,"Comedy, Family, Romance",-
The Shop Around the Corner,1940,8.1,-,99,25905,"Comedy, Drama, Romance",$0.20M
The Muppet Christmas Carol,1992,7.7,64,85,45716,"Comedy, Drama, Family",$27.28M
A Night at the Opera,1935,7.9,-,96,29424,"Comedy, Music, Musical",-
Drishyam,2013,8.4,-,160,28499,"Crime, Drama, Thriller",-
Paan Singh Tomar,2012,8.2,-,135,30411,"Action, Biography, Crime",$0.04M
English Vinglish,2012,7.8,-,134,31623,"Comedy, Drama, Family",$1.67M
C.R.A.Z.Y.,2005,7.9,81,127,30695,"Comedy, Drama",-
Vizontele,2001,8.0,-,110,30577,"Comedy, Drama",-
The Breath,2009,8.0,-,128,30510,"Action, Drama, Thriller",-
Boy A,2007,7.6,75,102,36163,Drama,$0.11M
And Now for Something Completely Different,1971,7.6,-,88,27964,Comedy,-
Siga em Frente Munna Bhai,2006,8.1,-,144,40315,"Comedy, Drama, Romance",$2.22M
